,Churn Reason
0,20
1,3
2,20
3,11
4,20
5,3
6,20
7,20
8,20
9,20
10,20
11,20
12,20
13,20
14,20
15,18
16,20
17,20
18,12
19,20
20,20
21,20
22,20
23,20
24,3
25,20
26,13
27,20
28,20
29,20
30,20
31,20
32,20
33,10
34,20
35,2
36,20
37,19
38,18
39,20
40,20
41,7
42,7
43,20
44,12
45,20
46,20
47,2
48,20
49,20
50,20
51,20
52,20
53,20
54,20
55,20
56,20
57,20
58,20
59,8
60,20
61,12
62,5
63,20
64,20
65,20
66,4
67,17
68,20
69,20
70,20
71,20
72,20
73,20
74,20
75,2
76,20
77,20
78,20
79,20
80,20
81,20
82,20
83,20
84,20
85,20
86,20
87,20
88,20
89,5
90,20
91,20
92,20
93,20
94,20
95,20
96,10
97,20
98,20
99,20
100,20
101,20
102,20
103,20
104,11
105,20
106,20
107,20
108,7
109,1
110,20
111,20
112,20
113,0
114,20
115,20
116,17
117,20
118,20
119,20
120,7
121,8
122,5
123,19
124,20
125,3
126,17
127,20
128,20
129,2
130,17
131,20
132,20
133,20
134,20
135,20
136,20
137,20
138,20
139,20
140,20
141,20
142,17
143,3
144,20
145,20
146,20
147,20
148,20
149,20
150,20
151,20
152,20
153,20
154,20
155,20
156,20
157,20
158,20
159,20
160,20
161,20
162,20
163,19
164,20
165,10
166,20
167,20
168,20
169,20
170,20
171,20
172,2
173,20
174,20
175,0
176,17
177,3
178,5
179,20
180,13
181,20
182,20
183,20
184,20
185,5
186,20
187,4
188,20
189,1
190,20
191,0
192,20
193,20
194,7
195,20
196,20
197,20
198,11
199,17
200,20
201,18
202,7
203,4
204,20
205,20
206,20
207,20
208,1
209,10
210,20
211,20
212,20
213,20
214,20
215,18
216,20
217,20
218,0
219,20
220,20
221,3
222,1
223,12
224,2
225,2
226,20
227,20
228,20
229,3
230,20
231,20
232,14
233,20
234,3
235,20
236,20
237,20
238,20
239,20
240,20
241,8
242,20
243,20
244,20
245,20
246,20
247,15
248,20
249,20
250,20
251,20
252,20
253,7
254,20
255,20
256,20
257,20
258,20
259,20
260,20
261,20
262,20
263,20
264,4
265,20
266,7
267,1
268,19
269,20
270,20
271,20
272,20
273,20
274,12
275,4
276,20
277,7
278,20
279,20
280,2
281,4
282,13
283,20
284,20
285,17
286,20
287,20
288,10
289,3
290,20
291,20
292,1
293,20
294,20
295,20
296,20
297,0
298,20
299,20
300,20
301,1
302,20
303,16
304,20
305,4
306,20
307,20
308,19
309,20
310,20
311,20
312,20
313,20
314,20
315,20
316,20
317,20
318,20
319,10
320,20
321,20
322,20
323,20
324,7
325,13
326,5
327,20
328,16
329,20
330,20
331,20
332,20
333,20
334,20
335,7
336,20
337,1
338,20
339,20
340,20
341,20
342,20
343,20
344,20
345,20
346,10
347,20
348,20
349,20
350,11
351,20
352,20
353,20
354,20
355,20
356,14
357,0
358,20
359,20
360,20
361,7
362,20
363,20
364,20
365,20
366,20
367,20
368,7
369,20
370,20
371,20
372,20
373,20
374,20
375,20
376,3
377,20
378,20
379,1
380,20
381,20
382,20
383,8
384,20
385,20
386,20
387,20
388,20
389,14
390,19
391,20
392,20
393,20
394,20
395,20
396,10
397,20
398,0
399,12
400,20
401,20
402,20
403,20
404,7
405,20
406,20
407,20
408,20
409,20
410,20
411,20
412,20
413,20
414,20
415,2
416,15
417,20
418,20
419,10
420,20
421,20
422,20
423,20
424,20
425,20
426,20
427,7
428,20
429,20
430,20
431,20
432,20
433,5
434,14
435,10
436,20
437,20
438,20
439,20
440,20
441,20
442,19
443,17
444,20
445,20
446,20
447,4
448,20
449,20
450,7
451,20
452,20
453,20
454,20
455,20
456,20
457,20
458,20
459,20
460,20
461,20
462,20
463,20
464,4
465,20
466,20
467,20
468,20
469,20
470,20
471,20
472,20
473,20
474,20
475,20
476,20
477,20
478,20
479,20
480,20
481,19
482,20
483,20
484,20
485,20
486,20
487,20
488,5
489,2
490,20
491,13
492,4
493,9
494,3
495,20
496,20
497,20
498,1
499,20
500,20
501,20
502,20
503,20
504,20
505,17
506,20
507,20
508,20
509,4
510,2
511,20
512,19
513,20
514,20
515,20
516,20
517,20
518,20
519,20
520,1
521,3
522,20
523,20
524,20
525,20
526,20
527,20
528,10
529,20
530,20
531,20
532,14
533,20
534,4
535,5
536,20
537,20
538,20
539,20
540,20
541,1
542,20
543,20
544,5
545,20
546,20
547,18
548,17
549,9
550,4
551,20
552,20
553,20
554,20
555,20
556,4
557,2
558,20
559,20
560,4
561,2
562,20
563,20
564,20
565,20
566,20
567,20
568,11
569,20
570,20
571,5
572,20
573,20
574,20
575,20
576,20
577,20
578,20
579,20
580,20
581,20
582,20
583,20
584,20
585,1
586,20
587,20
588,20
589,20
590,19
591,20
592,20
593,0
594,20
595,1
596,13
597,20
598,4
599,20
600,12
601,20
602,20
603,20
604,20
605,20
606,20
607,10
608,4
609,20
610,20
611,20
612,20
613,20
614,12
615,20
616,20
617,20
618,1
619,20
620,20
621,20
622,20
623,20
624,19
625,20
626,20
627,20
628,1
629,20
630,20
631,20
632,20
633,20
634,3
635,20
636,20
637,20
638,20
639,1
640,19
641,5
642,20
643,20
644,20
645,20
646,18
647,20
648,4
649,1
650,20
651,20
652,20
653,6
654,20
655,20
656,1
657,20
658,1
659,20
660,20
661,20
662,20
663,20
664,7
665,13
666,20
667,4
668,20
669,20
670,20
671,20
672,14
673,20
674,20
675,20
676,20
677,13
678,12
679,20
680,20
681,0
682,20
683,20
684,20
685,20
686,20
687,20
688,3
689,20
690,20
691,20
692,20
693,20
694,7
695,20
696,20
697,9
698,17
699,20
700,20
701,20
702,20
703,20
704,5
705,7
706,20
707,20
708,20
709,11
710,20
711,20
712,20
713,4
714,17
715,20
716,20
717,20
718,9
719,20
720,20
721,20
722,20
723,18
724,20
725,4
726,20
727,7
728,0
729,19
730,20
731,20
732,20
733,20
734,20
735,12
736,20
737,20
738,20
739,20
740,20
741,19
742,18
743,20
744,20
745,20
746,20
747,20
748,20
749,20
750,0
751,20
752,20
753,20
754,20
755,7
756,20
757,20
758,20
759,10
760,20
761,20
762,20
763,20
764,20
765,20
766,20
767,17
768,20
769,20
770,19
771,17
772,20
773,18
774,20
775,7
776,20
777,20
778,20
779,20
780,20
781,20
782,20
783,1
784,20
785,12
786,20
787,20
788,20
789,20
790,1
791,14
792,20
793,20
794,20
795,20
796,20
797,20
798,5
799,20
800,20
801,20
802,20
803,20
804,20
805,20
806,20
807,20
808,20
809,20
810,2
811,20
812,20
813,20
814,20
815,20
816,20
817,18
818,4
819,20
820,20
821,2
822,20
823,7
824,5
825,14
826,20
827,20
828,20
829,3
830,20
831,20
832,4
833,12
834,20
835,20
836,20
837,20
838,10
839,20
840,20
841,20
842,20
843,20
844,20
845,15
846,20
847,20
848,20
849,20
850,20
851,20
852,20
853,20
854,20
855,20
856,20
857,1
858,5
859,20
860,20
861,7
862,20
863,20
864,5
865,18
866,20
867,20
868,20
869,20
870,20
871,20
872,20
873,16
874,20
875,1
876,20
877,20
878,20
879,20
880,20
881,20
882,20
883,20
884,20
885,20
886,18
887,20
888,20
889,20
890,20
891,20
892,1
893,20
894,14
895,20
896,20
897,20
898,2
899,20
900,20
901,20
902,1
903,20
904,20
905,20
906,20
907,20
908,20
909,20
910,2
911,20
912,20
913,20
914,14
915,20
916,3
917,20
918,20
919,20
920,20
921,20
922,20
923,17
924,20
925,20
926,20
927,20
928,20
929,20
930,20
931,20
932,20
933,20
934,3
935,1
936,20
937,10
938,20
939,20
940,20
941,0
942,20
943,20
944,5
945,20
946,1
947,20
948,14
949,20
950,20
951,20
952,20
953,20
954,20
955,20
956,20
957,20
958,20
959,19
960,7
961,20
962,20
963,19
964,20
965,20
966,20
967,20
968,20
969,20
970,20
971,20
972,20
973,20
974,20
975,20
976,19
977,20
978,19
979,7
980,20
981,20
982,20
983,5
984,18
985,1
986,9
987,0
988,20
989,20
990,20
991,20
992,20
993,20
994,20
995,2
996,0
997,20
998,0
999,7
1000,20
1001,20
1002,20
1003,14
1004,20
1005,20
1006,0
1007,20
1008,20
1009,20
1010,20
1011,20
1012,20
1013,20
1014,20
1015,20
1016,17
1017,20
1018,20
1019,20
1020,4
1021,20
1022,20
1023,20
1024,20
1025,20
1026,4
1027,20
1028,20
1029,20
1030,20
1031,20
1032,18
1033,20
1034,20
1035,20
1036,11
1037,3
1038,20
1039,20
1040,20
1041,20
1042,17
1043,20
1044,20
1045,20
1046,20
1047,20
1048,2
1049,20
1050,20
1051,20
1052,20
1053,2
1054,20
1055,20
1056,4
1057,20
1058,5
1059,20
1060,1
1061,20
1062,20
1063,20
1064,1
1065,20
1066,11
1067,7
1068,20
1069,20
1070,20
1071,3
1072,20
1073,5
1074,20
1075,7
1076,15
1077,20
1078,20
1079,20
1080,20
1081,20
1082,20
1083,20
1084,4
1085,20
1086,20
1087,20
1088,20
1089,20
1090,20
1091,1
1092,20
1093,20
1094,1
1095,20
1096,20
1097,20
1098,20
1099,20
1100,20
1101,20
1102,20
1103,20
1104,20
1105,5
1106,1
1107,20
1108,20
1109,18
1110,1
1111,3
1112,16
1113,20
1114,20
1115,20
1116,20
1117,20
1118,0
1119,20
1120,4
1121,20
1122,1
1123,20
1124,18
1125,20
1126,20
1127,20
1128,20
1129,20
1130,20
1131,19
1132,20
1133,20
1134,20
1135,20
1136,1
1137,20
1138,20
1139,20
1140,20
1141,4
1142,20
1143,13
1144,20
1145,0
1146,1
1147,1
1148,20
1149,20
1150,20
1151,20
1152,20
1153,20
1154,3
1155,9
1156,20
1157,20
1158,20
1159,3
1160,18
1161,20
1162,20
1163,18
1164,20
1165,20
1166,20
1167,20
1168,20
1169,20
1170,8
1171,20
1172,20
1173,20
1174,20
1175,2
1176,8
1177,20
1178,20
1179,20
1180,20
1181,20
1182,14
1183,20
1184,20
1185,20
1186,20
1187,9
1188,20
1189,20
1190,20
1191,20
1192,20
1193,12
1194,20
1195,19
1196,3
1197,20
1198,20
1199,20
1200,0
1201,20
1202,20
1203,20
1204,7
1205,19
1206,20
1207,20
1208,20
1209,1
1210,20
1211,18
1212,20
1213,0
1214,20
1215,20
1216,20
1217,20
1218,20
1219,20
1220,20
1221,10
1222,3
1223,20
1224,14
1225,20
1226,1
1227,20
1228,20
1229,20
1230,20
1231,20
1232,20
1233,0
1234,17
1235,20
1236,20
1237,20
1238,20
1239,20
1240,20
1241,10
1242,20
1243,20
1244,19
1245,20
1246,20
1247,20
1248,1
1249,20
1250,5
1251,20
1252,20
1253,20
1254,20
1255,20
1256,20
1257,20
1258,20
1259,15
1260,20
1261,20
1262,20
1263,20
1264,4
1265,14
1266,20
1267,18
1268,20
1269,20
1270,1
1271,20
1272,3
1273,11
1274,4
1275,20
1276,1
1277,20
1278,20
1279,20
1280,20
1281,6
1282,20
1283,0
1284,10
1285,3
1286,20
1287,20
1288,20
1289,20
1290,19
1291,15
1292,20
1293,20
1294,20
1295,20
1296,20
1297,20
1298,20
1299,20
1300,20
1301,20
1302,20
1303,20
1304,11
1305,20
1306,11
1307,20
1308,1
1309,20
1310,20
1311,20
1312,9
1313,7
1314,20
1315,20
1316,0
1317,20
1318,14
1319,20
1320,20
1321,20
1322,20
1323,14
1324,4
1325,20
1326,20
1327,20
1328,20
1329,20
1330,20
1331,20
1332,20
1333,20
1334,20
1335,19
1336,20
1337,20
1338,20
1339,20
1340,1
1341,20
1342,20
1343,20
1344,20
1345,20
1346,13
1347,20
1348,20
1349,20
1350,20
1351,20
1352,20
1353,20
1354,0
1355,2
1356,20
1357,20
1358,20
1359,20
1360,18
1361,20
1362,20
1363,20
1364,20
1365,4
1366,20
1367,20
1368,20
1369,20
1370,20
1371,20
1372,14
1373,20
1374,2
1375,20
1376,10
1377,20
1378,18
1379,20
1380,20
1381,20
1382,13
1383,20
1384,16
1385,20
1386,20
1387,20
1388,20
1389,1
1390,20
1391,0
1392,1
1393,1
1394,20
1395,20
1396,20
1397,13
1398,20
1399,20
1400,20
1401,1
1402,20
1403,14
1404,20
1405,20
1406,0
1407,20
1408,20
1409,4
1410,4
1411,20
1412,7
1413,20
1414,20
1415,20
1416,20
1417,20
1418,20
1419,20
1420,17
1421,20
1422,20
1423,9
1424,20
1425,20
1426,20
1427,20
1428,20
1429,20
1430,4
1431,20
1432,17
1433,20
1434,20
1435,20
1436,5
1437,20
1438,20
1439,4
1440,20
1441,3
1442,20
1443,20
1444,20
1445,20
1446,20
1447,20
1448,20
1449,14
1450,20
1451,20
1452,20
1453,20
1454,20
1455,7
1456,1
1457,3
1458,20
1459,20
1460,20
1461,20
1462,17
1463,20
1464,20
1465,20
1466,20
1467,20
1468,13
1469,20
1470,20
1471,20
1472,4
1473,3
1474,20
1475,20
1476,4
1477,20
1478,20
1479,20
1480,20
1481,20
1482,20
1483,20
1484,20
1485,20
1486,20
1487,20
1488,0
1489,20
1490,20
1491,20
1492,20
1493,3
1494,4
1495,20
1496,20
1497,20
1498,1
1499,1
1500,0
1501,13
1502,20
1503,12
1504,20
1505,0
1506,1
1507,20
1508,20
1509,20
1510,20
1511,1
1512,18
1513,20
1514,20
1515,20
1516,20
1517,5
1518,1
1519,4
1520,20
1521,20
1522,20
1523,20
1524,20
1525,20
1526,4
1527,20
1528,20
1529,20
1530,8
1531,3
1532,20
1533,20
1534,20
1535,20
1536,4
1537,20
1538,20
1539,20
1540,2
1541,20
1542,20
1543,2
1544,20
1545,20
1546,19
1547,20
1548,20
1549,20
1550,20
1551,3
1552,20
1553,20
1554,20
1555,20
1556,20
1557,2
1558,18
1559,20
1560,5
1561,20
1562,20
1563,20
1564,8
1565,10
1566,20
1567,20
1568,1
1569,20
1570,16
1571,20
1572,20
1573,20
1574,20
1575,20
1576,20
1577,20
1578,20
1579,20
1580,20
1581,20
1582,20
1583,20
1584,7
1585,1
1586,20
1587,20
1588,20
1589,20
1590,20
1591,11
1592,10
1593,20
1594,20
1595,20
1596,20
1597,4
1598,20
1599,8
1600,20
1601,20
1602,20
1603,20
1604,20
1605,20
1606,5
1607,20
1608,20
1609,20
1610,20
1611,10
1612,20
1613,20
1614,20
1615,20
1616,20
1617,20
1618,4
1619,20
1620,20
1621,20
1622,20
1623,20
1624,20
1625,20
1626,20
1627,20
1628,20
1629,18
1630,5
1631,20
1632,20
1633,20
1634,18
1635,20
1636,20
1637,20
1638,18
1639,20
1640,20
1641,20
1642,20
1643,20
1644,20
1645,20
1646,20
1647,18
1648,20
1649,20
1650,20
1651,20
1652,20
1653,20
1654,20
1655,20
1656,1
1657,20
1658,20
1659,20
1660,20
1661,20
1662,7
1663,20
1664,20
1665,20
1666,20
1667,20
1668,3
1669,20
1670,20
1671,20
1672,20
1673,20
1674,20
1675,4
1676,20
1677,20
1678,20
1679,8
1680,20
1681,20
1682,20
1683,20
1684,20
1685,5
1686,19
1687,20
1688,20
1689,20
1690,20
1691,20
1692,20
1693,20
1694,20
1695,0
1696,20
1697,20
1698,4
1699,18
1700,20
1701,20
1702,20
1703,20
1704,20
1705,20
1706,20
1707,9
1708,0
1709,20
1710,20
1711,20
1712,20
1713,20
1714,20
1715,20
1716,20
1717,20
1718,20
1719,20
1720,20
1721,20
1722,20
1723,20
1724,20
1725,20
1726,20
1727,20
1728,20
1729,20
1730,20
1731,20
1732,20
1733,20
1734,12
1735,20
1736,20
1737,20
1738,20
1739,20
1740,5
1741,5
1742,20
1743,20
1744,20
1745,1
1746,20
1747,20
1748,3
1749,20
1750,20
1751,20
1752,20
1753,20
1754,3
1755,20
1756,12
1757,20
1758,10
1759,20
1760,3
1761,20
1762,20
1763,20
1764,8
1765,20
1766,20
1767,20
1768,20
1769,20
1770,1
1771,20
1772,20
1773,20
1774,20
1775,20
1776,4
1777,20
1778,20
1779,20
1780,20
1781,20
1782,3
1783,0
1784,12
1785,20
1786,20
1787,20
1788,20
1789,20
1790,20
1791,20
1792,14
1793,20
1794,20
1795,20
1796,20
1797,4
1798,1
1799,20
1800,20
1801,0
1802,20
1803,20
1804,20
1805,20
1806,20
1807,7
1808,17
1809,20
1810,20
1811,20
1812,13
1813,20
1814,20
1815,20
1816,20
1817,9
1818,20
1819,20
1820,20
1821,20
1822,20
1823,20
1824,2
1825,20
1826,20
1827,19
1828,17
1829,20
1830,5
1831,18
1832,9
1833,20
1834,20
1835,20
1836,20
1837,19
1838,20
1839,20
1840,20
1841,20
1842,14
1843,20
1844,20
1845,20
1846,20
1847,20
1848,20
1849,20
1850,20
1851,20
1852,13
1853,20
1854,20
1855,5
1856,20
1857,20
1858,20
1859,20
1860,20
1861,20
1862,20
1863,20
1864,10
1865,20
1866,20
1867,20
1868,20
1869,3
1870,20
1871,10
1872,10
1873,20
1874,20
1875,20
1876,20
1877,20
1878,20
1879,0
1880,20
1881,14
1882,10
1883,20
1884,20
1885,14
1886,20
1887,20
1888,20
1889,20
1890,20
1891,20
1892,20
1893,11
1894,20
1895,20
1896,20
1897,0
1898,5
1899,20
1900,1
1901,20
1902,20
1903,20
1904,20
1905,20
1906,10
1907,20
1908,20
1909,17
1910,1
1911,20
1912,4
1913,8
1914,14
1915,20
1916,8
1917,9
1918,20
1919,20
1920,20
1921,20
1922,18
1923,20
1924,20
1925,20
1926,20
1927,20
1928,20
1929,20
1930,20
1931,20
1932,20
1933,20
1934,20
1935,20
1936,20
1937,20
1938,20
1939,5
1940,20
1941,17
1942,20
1943,20
1944,20
1945,20
1946,3
1947,20
1948,7
1949,1
1950,20
1951,20
1952,20
1953,5
1954,20
1955,19
1956,20
1957,20
1958,20
1959,20
1960,20
1961,8
1962,18
1963,20
1964,20
1965,20
1966,20
1967,20
1968,20
1969,20
1970,18
1971,10
1972,14
1973,19
1974,20
1975,20
1976,4
1977,20
1978,20
1979,20
1980,20
1981,0
1982,20
1983,20
1984,20
1985,0
1986,20
1987,20
1988,20
1989,20
1990,20
1991,20
1992,7
1993,20
1994,20
1995,20
1996,20
1997,2
1998,20
1999,2
2000,4
2001,1
2002,20
2003,20
2004,17
2005,20
2006,20
2007,20
2008,20
2009,20
2010,20
2011,20
2012,20
2013,20
2014,20
2015,20
2016,8
2017,20
2018,20
2019,20
2020,20
2021,4
2022,20
2023,20
2024,20
2025,4
2026,20
2027,5
2028,13
2029,20
2030,20
2031,20
2032,20
2033,20
2034,20
2035,20
2036,20
2037,1
2038,1
2039,20
2040,20
2041,20
2042,20
2043,20
2044,20
2045,20
2046,20
2047,5
2048,20
2049,5
2050,20
2051,20
2052,5
2053,20
2054,2
2055,20
2056,20
2057,20
2058,7
2059,20
2060,13
2061,20
2062,20
2063,5
2064,17
2065,20
2066,20
2067,20
2068,20
2069,20
2070,3
2071,20
2072,20
2073,20
2074,20
2075,19
2076,3
2077,20
2078,20
2079,20
2080,20
2081,20
2082,9
2083,20
2084,12
2085,20
2086,20
2087,20
2088,20
2089,2
2090,20
2091,20
2092,20
2093,20
2094,20
2095,20
2096,17
2097,4
2098,9
2099,20
2100,7
2101,20
2102,2
2103,20
2104,20
2105,0
2106,20
2107,18
2108,20
2109,20
2110,20
2111,20
2112,2
2113,20
2114,20
2115,20
2116,5
2117,5
2118,20
2119,20
2120,3
2121,20
2122,20
2123,20
2124,20
2125,20
2126,20
2127,2
2128,20
2129,20
2130,20
2131,20
2132,20
2133,20
2134,20
2135,20
2136,20
2137,20
2138,20
2139,20
2140,9
2141,20
2142,20
2143,2
2144,20
2145,20
2146,20
2147,20
2148,20
2149,20
2150,20
2151,20
2152,20
2153,20
2154,7
2155,20
2156,5
2157,20
2158,20
2159,20
2160,20
2161,20
2162,20
2163,20
2164,20
2165,18
2166,20
2167,20
2168,20
2169,18
2170,1
2171,20
2172,20
2173,4
2174,20
2175,20
2176,1
2177,20
2178,20
2179,20
2180,20
2181,20
2182,5
2183,20
2184,3
2185,20
2186,20
2187,20
2188,20
2189,20
2190,20
2191,18
2192,20
2193,20
2194,20
2195,2
2196,20
2197,20
2198,20
2199,7
2200,13
2201,20
2202,20
2203,20
2204,20
2205,20
2206,20
2207,20
2208,20
2209,13
2210,7
2211,20
2212,4
2213,20
2214,19
2215,20
2216,1
2217,4
2218,3
2219,15
2220,0
2221,4
2222,5
2223,4
2224,20
2225,20
2226,20
2227,10
2228,20
2229,20
2230,20
2231,20
2232,20
2233,20
2234,20
2235,20
2236,10
2237,20
2238,20
2239,20
2240,20
2241,20
2242,20
2243,20
2244,20
2245,20
2246,20
2247,20
2248,20
2249,20
2250,20
2251,20
2252,20
2253,19
2254,18
2255,14
2256,20
2257,20
2258,20
2259,18
2260,20
2261,20
2262,20
2263,20
2264,19
2265,20
2266,20
2267,20
2268,20
2269,20
2270,20
2271,20
2272,18
2273,20
2274,0
2275,20
2276,20
2277,20
2278,10
2279,20
2280,20
2281,20
2282,20
2283,4
2284,20
2285,20
2286,20
2287,8
2288,20
2289,17
2290,20
2291,20
2292,5
2293,20
2294,20
2295,20
2296,9
2297,20
2298,20
2299,20
2300,20
2301,20
2302,13
2303,5
2304,20
2305,20
2306,7
2307,20
2308,20
2309,20
2310,20
2311,20
2312,1
2313,20
2314,2
2315,20
2316,20
2317,20
2318,20
2319,20
2320,20
2321,20
2322,20
2323,20
2324,20
2325,20
2326,20
2327,20
2328,5
2329,20
2330,20
2331,20
2332,20
2333,9
2334,20
2335,20
2336,20
2337,20
2338,20
2339,20
2340,20
2341,20
2342,20
2343,20
2344,20
2345,7
2346,20
2347,20
2348,20
2349,20
2350,7
2351,20
2352,20
2353,20
2354,20
2355,11
2356,20
2357,20
2358,20
2359,20
2360,20
2361,20
2362,20
2363,20
2364,0
2365,18
2366,20
2367,20
2368,20
2369,20
2370,20
2371,20
2372,20
2373,3
2374,20
2375,19
2376,0
2377,6
2378,20
2379,20
2380,20
2381,20
2382,20
2383,20
2384,20
2385,5
2386,4
2387,20
2388,20
2389,20
2390,20
2391,3
2392,19
2393,10
2394,20
2395,20
2396,20
2397,20
2398,20
2399,20
2400,17
2401,20
2402,20
2403,20
2404,20
2405,20
2406,13
2407,17
2408,19
2409,20
2410,4
2411,1
2412,20
2413,20
2414,18
2415,14
2416,2
2417,20
2418,20
2419,20
2420,20
2421,14
2422,20
2423,20
2424,20
2425,20
2426,20
2427,11
2428,20
2429,20
2430,20
2431,20
2432,20
2433,20
2434,20
2435,20
2436,20
2437,20
2438,20
2439,19
2440,20
2441,20
2442,20
2443,20
2444,20
2445,17
2446,2
2447,7
2448,20
2449,20
2450,20
2451,20
2452,20
2453,20
2454,20
2455,20
2456,20
2457,20
2458,20
2459,20
2460,20
2461,20
2462,20
2463,20
2464,20
2465,20
2466,17
2467,20
2468,20
2469,3
2470,20
2471,20
2472,20
2473,3
2474,20
2475,20
2476,20
2477,20
2478,20
2479,4
2480,20
2481,20
2482,2
2483,20
2484,20
2485,18
2486,20
2487,20
2488,20
2489,12
2490,17
2491,20
2492,3
2493,20
2494,20
2495,20
2496,20
2497,20
2498,20
2499,20
2500,20
2501,20
2502,20
2503,1
2504,1
2505,20
2506,20
2507,20
2508,0
2509,8
2510,17
2511,10
2512,17
2513,20
2514,2
2515,19
2516,20
2517,20
2518,1
2519,20
2520,20
2521,5
2522,20
2523,20
2524,20
2525,11
2526,20
2527,0
2528,20
2529,20
2530,20
2531,20
2532,20
2533,1
2534,20
2535,20
2536,2
2537,20
2538,14
2539,20
2540,20
2541,20
2542,20
2543,20
2544,20
2545,17
2546,20
2547,20
2548,20
2549,20
2550,20
2551,18
2552,20
2553,5
2554,1
2555,20
2556,0
2557,20
2558,18
2559,14
2560,20
2561,20
2562,20
2563,0
2564,18
2565,5
2566,20
2567,20
2568,17
2569,20
2570,20
2571,20
2572,20
2573,20
2574,20
2575,20
2576,20
2577,10
2578,20
2579,20
2580,20
2581,20
2582,20
2583,20
2584,20
2585,4
2586,20
2587,7
2588,20
2589,20
2590,20
2591,20
2592,5
2593,20
2594,3
2595,20
2596,20
2597,20
2598,20
2599,20
2600,20
2601,20
2602,20
2603,20
2604,20
2605,20
2606,10
2607,20
2608,20
2609,11
2610,5
2611,1
2612,20
2613,1
2614,20
2615,20
2616,20
2617,20
2618,20
2619,20
2620,20
2621,14
2622,20
2623,20
2624,11
2625,2
2626,20
2627,20
2628,20
2629,5
2630,20
2631,20
2632,20
2633,20
2634,20
2635,20
2636,19
2637,10
2638,20
2639,20
2640,20
2641,20
2642,20
2643,20
2644,19
2645,14
2646,19
2647,20
2648,20
2649,20
2650,20
2651,20
2652,20
2653,20
2654,20
2655,20
2656,20
2657,20
2658,20
2659,20
2660,4
2661,5
2662,20
2663,20
2664,19
2665,20
2666,20
2667,8
2668,4
2669,20
2670,20
2671,20
2672,20
2673,20
2674,20
2675,18
2676,20
2677,20
2678,19
2679,20
2680,20
2681,20
2682,20
2683,12
2684,20
2685,20
2686,20
2687,20
2688,3
2689,20
2690,20
2691,20
2692,20
2693,20
2694,5
2695,20
2696,4
2697,20
2698,4
2699,20
2700,20
2701,20
2702,20
2703,4
2704,20
2705,16
2706,20
2707,20
2708,1
2709,20
2710,10
2711,20
2712,0
2713,20
2714,9
2715,20
2716,10
2717,20
2718,20
2719,20
2720,20
2721,3
2722,4
2723,20
2724,20
2725,8
2726,20
2727,20
2728,13
2729,20
2730,20
2731,20
2732,20
2733,20
2734,20
2735,20
2736,20
2737,20
2738,3
2739,20
2740,20
2741,20
2742,20
2743,20
2744,20
2745,12
2746,0
2747,1
2748,20
2749,20
2750,20
2751,20
2752,20
2753,20
2754,20
2755,11
2756,4
2757,20
2758,20
2759,20
2760,20
2761,20
2762,20
2763,20
2764,20
2765,20
2766,3
2767,3
2768,20
2769,20
2770,7
2771,20
2772,7
2773,20
2774,20
2775,20
2776,20
2777,20
2778,20
2779,10
2780,20
2781,20
2782,20
2783,20
2784,7
2785,1
2786,20
2787,20
2788,20
2789,20
2790,20
2791,20
2792,4
2793,20
2794,20
2795,20
2796,20
2797,20
2798,1
2799,20
2800,20
2801,20
2802,3
2803,20
2804,20
2805,20
2806,10
2807,20
2808,14
2809,20
2810,2
2811,20
2812,20
2813,20
2814,20
2815,20
2816,20
2817,9
2818,20
2819,0
2820,20
2821,18
2822,20
2823,20
2824,20
2825,20
2826,20
2827,20
2828,3
2829,0
2830,7
2831,20
2832,20
2833,20
2834,7
2835,20
2836,0
2837,20
2838,20
2839,20
2840,0
2841,20
2842,20
2843,20
2844,0
2845,20
2846,20
2847,20
2848,20
2849,20
2850,20
2851,20
2852,5
2853,20
2854,20
2855,20
2856,20
2857,20
2858,20
2859,20
2860,20
2861,20
2862,20
2863,20
2864,20
2865,20
2866,4
2867,20
2868,10
2869,20
2870,20
2871,20
2872,14
2873,20
2874,20
2875,20
2876,3
2877,1
2878,0
2879,1
2880,20
2881,20
2882,20
2883,10
2884,5
2885,20
2886,20
2887,20
2888,4
2889,20
2890,20
2891,20
2892,7
2893,10
2894,20
2895,20
2896,20
2897,20
2898,3
2899,20
2900,20
2901,20
2902,20
2903,20
2904,20
2905,20
2906,20
2907,20
2908,20
2909,18
2910,3
2911,20
2912,20
2913,20
2914,20
2915,20
2916,20
2917,20
2918,20
2919,20
2920,20
2921,4
2922,20
2923,20
2924,20
2925,20
2926,20
2927,5
2928,20
2929,20
2930,5
2931,20
2932,20
2933,20
2934,1
2935,10
2936,18
2937,20
2938,1
2939,20
2940,20
2941,13
2942,20
2943,20
2944,20
2945,4
2946,20
2947,20
2948,20
2949,9
2950,20
2951,7
2952,1
2953,20
2954,20
2955,20
2956,20
2957,20
2958,20
2959,20
2960,20
2961,20
2962,20
2963,20
2964,20
2965,20
2966,20
2967,20
2968,20
2969,20
2970,20
2971,3
2972,20
2973,20
2974,20
2975,20
2976,20
2977,17
2978,9
2979,20
2980,20
2981,7
2982,20
2983,8
2984,7
2985,20
2986,17
2987,20
2988,20
2989,20
2990,3
2991,20
2992,20
2993,20
2994,4
2995,20
2996,20
2997,20
2998,20
2999,20
3000,20
3001,20
3002,20
3003,17
3004,20
3005,20
3006,20
3007,20
3008,1
3009,20
3010,5
3011,20
3012,4
3013,20
3014,20
3015,20
3016,14
3017,20
3018,4
3019,14
3020,20
3021,20
3022,2
3023,20
3024,20
3025,20
3026,20
3027,1
3028,20
3029,20
3030,1
3031,20
3032,5
3033,20
3034,20
3035,20
3036,20
3037,19
3038,20
3039,20
3040,7
3041,20
3042,20
3043,20
3044,20
3045,20
3046,20
3047,20
3048,20
3049,20
3050,20
3051,20
3052,20
3053,20
3054,20
3055,20
3056,14
3057,20
3058,20
3059,20
3060,20
3061,20
3062,20
3063,20
3064,20
3065,20
3066,20
3067,4
3068,4
3069,20
3070,20
3071,20
3072,20
3073,11
3074,20
3075,20
3076,7
3077,20
3078,20
3079,5
3080,20
3081,20
3082,3
3083,20
3084,20
3085,20
3086,5
3087,20
3088,20
3089,15
3090,20
3091,20
3092,20
3093,3
3094,20
3095,20
3096,4
3097,20
3098,20
3099,20
3100,20
3101,20
3102,20
3103,7
3104,20
3105,20
3106,20
3107,20
3108,20
3109,8
3110,2
3111,20
3112,20
3113,20
3114,4
3115,20
3116,20
3117,20
3118,1
3119,20
3120,20
3121,20
3122,20
3123,20
3124,13
3125,20
3126,14
3127,20
3128,10
3129,20
3130,20
3131,20
3132,20
3133,20
3134,14
3135,20
3136,20
3137,20
3138,20
3139,20
3140,20
3141,20
3142,3
3143,2
3144,20
3145,20
3146,20
3147,20
3148,20
3149,20
3150,20
3151,3
3152,20
3153,20
3154,20
3155,20
3156,20
3157,20
3158,20
3159,20
3160,20
3161,1
3162,5
3163,20
3164,20
3165,20
3166,20
3167,20
3168,20
3169,12
3170,20
3171,20
3172,20
3173,20
3174,20
3175,5
3176,2
3177,20
3178,20
3179,20
3180,17
3181,1
3182,20
3183,20
3184,20
3185,20
3186,20
3187,20
3188,18
3189,14
3190,4
3191,20
3192,14
3193,20
3194,5
3195,11
3196,20
3197,20
3198,5
3199,20
3200,20
3201,20
3202,1
3203,20
3204,17
3205,20
3206,20
3207,20
3208,20
3209,20
3210,20
3211,20
3212,20
3213,20
3214,20
3215,20
3216,20
3217,10
3218,18
3219,20
3220,20
3221,20
3222,20
3223,20
3224,20
3225,20
3226,20
3227,17
3228,20
3229,20
3230,20
3231,14
3232,3
3233,20
3234,20
3235,20
3236,20
3237,20
3238,20
3239,20
3240,20
3241,20
3242,20
3243,20
3244,20
3245,20
3246,20
3247,20
3248,0
3249,1
3250,20
3251,20
3252,0
3253,20
3254,20
3255,2
3256,20
3257,20
3258,1
3259,6
3260,2
3261,20
3262,20
3263,7
3264,5
3265,20
3266,20
3267,14
3268,20
3269,11
3270,20
3271,20
3272,20
3273,20
3274,0
3275,20
3276,20
3277,20
3278,5
3279,20
3280,20
3281,20
3282,20
3283,20
3284,3
3285,20
3286,20
3287,20
3288,20
3289,20
3290,20
3291,20
3292,20
3293,20
3294,20
3295,20
3296,5
3297,20
3298,20
3299,20
3300,20
3301,20
3302,20
3303,20
3304,20
3305,20
3306,20
3307,20
3308,20
3309,0
3310,20
3311,20
3312,0
3313,20
3314,20
3315,20
3316,20
3317,20
3318,20
3319,20
3320,20
3321,20
3322,12
3323,20
3324,20
3325,20
3326,20
3327,20
3328,20
3329,20
3330,0
3331,20
3332,20
3333,20
3334,7
3335,20
3336,20
3337,9
3338,20
3339,0
3340,7
3341,20
3342,20
3343,20
3344,20
3345,7
3346,20
3347,20
3348,20
3349,2
3350,20
3351,8
3352,2
3353,20
3354,20
3355,14
3356,13
3357,20
3358,20
3359,20
3360,20
3361,20
3362,4
3363,20
3364,5
3365,20
3366,1
3367,5
3368,20
3369,19
3370,20
3371,20
3372,20
3373,20
3374,20
3375,20
3376,20
3377,2
3378,20
3379,4
3380,20
3381,20
3382,20
3383,20
3384,20
3385,20
3386,20
3387,20
3388,20
3389,3
3390,0
3391,5
3392,20
3393,7
3394,15
3395,7
3396,20
3397,20
3398,20
3399,3
3400,20
3401,20
3402,20
3403,20
3404,20
3405,20
3406,20
3407,7
3408,20
3409,4
3410,20
3411,20
3412,20
3413,3
3414,20
3415,20
3416,2
3417,20
3418,20
3419,20
3420,1
3421,20
3422,20
3423,20
3424,20
3425,1
3426,19
3427,5
3428,20
3429,20
3430,20
3431,20
3432,11
3433,20
3434,20
3435,20
3436,20
3437,20
3438,4
3439,20
3440,4
3441,20
3442,20
3443,20
3444,20
3445,0
3446,20
3447,20
3448,7
3449,20
3450,20
3451,20
3452,20
3453,5
3454,20
3455,0
3456,20
3457,20
3458,12
3459,20
3460,20
3461,20
3462,20
3463,20
3464,20
3465,3
3466,20
3467,10
3468,18
3469,20
3470,20
3471,8
3472,4
3473,20
3474,20
3475,10
3476,18
3477,20
3478,20
3479,20
3480,2
3481,20
3482,20
3483,20
3484,20
3485,20
3486,20
3487,20
3488,7
3489,20
3490,20
3491,20
3492,20
3493,19
3494,20
3495,20
3496,20
3497,20
3498,8
3499,20
3500,20
3501,20
3502,20
3503,20
3504,20
3505,20
3506,20
3507,7
3508,20
3509,0
3510,20
3511,5
3512,12
3513,12
3514,12
3515,20
3516,20
3517,7
3518,20
3519,20
3520,20
3521,20
3522,20
3523,20
3524,5
3525,20
3526,20
3527,20
3528,20
3529,13
3530,20
3531,20
3532,2
3533,20
3534,4
3535,1
3536,18
3537,20
3538,20
3539,20
3540,18
3541,20
3542,5
3543,5
3544,17
3545,2
3546,20
3547,20
3548,20
3549,20
3550,4
3551,13
3552,20
3553,7
3554,17
3555,20
3556,7
3557,3
3558,20
3559,20
3560,20
3561,20
3562,20
3563,20
3564,2
3565,1
3566,20
3567,4
3568,20
3569,20
3570,20
3571,20
3572,20
3573,7
3574,4
3575,20
3576,20
3577,20
3578,20
3579,20
3580,20
3581,20
3582,20
3583,20
3584,20
3585,20
3586,17
3587,20
3588,20
3589,20
3590,20
3591,20
3592,20
3593,7
3594,20
3595,20
3596,20
3597,5
3598,20
3599,20
3600,0
3601,20
3602,20
3603,20
3604,20
3605,20
3606,2
3607,20
3608,20
3609,4
3610,20
3611,20
3612,20
3613,20
3614,20
3615,20
3616,20
3617,20
3618,4
3619,20
3620,20
3621,7
3622,20
3623,14
3624,20
3625,20
3626,20
3627,5
3628,20
3629,1
3630,20
3631,20
3632,20
3633,2
3634,20
3635,14
3636,18
3637,20
3638,20
3639,20
3640,20
3641,0
3642,20
3643,20
3644,20
3645,2
3646,20
3647,17
3648,4
3649,20
3650,20
3651,7
3652,20
3653,20
3654,20
3655,13
3656,20
3657,9
3658,20
3659,20
3660,0
3661,20
3662,20
3663,20
3664,20
3665,20
3666,20
3667,20
3668,20
3669,18
3670,20
3671,20
3672,10
3673,20
3674,20
3675,20
3676,20
3677,20
3678,20
3679,20
3680,20
3681,1
3682,20
3683,0
3684,20
3685,20
3686,20
3687,20
3688,13
3689,1
3690,20
3691,20
3692,4
3693,20
3694,5
3695,20
3696,7
3697,20
3698,1
3699,1
3700,0
3701,20
3702,20
3703,20
3704,20
3705,3
3706,4
3707,20
3708,3
3709,20
3710,19
3711,20
3712,20
3713,20
3714,18
3715,7
3716,20
3717,20
3718,20
3719,20
3720,20
3721,20
3722,13
3723,20
3724,2
3725,20
3726,20
3727,0
3728,20
3729,20
3730,20
3731,14
3732,20
3733,7
3734,10
3735,20
3736,20
3737,20
3738,20
3739,14
3740,5
3741,20
3742,20
3743,20
3744,20
3745,20
3746,5
3747,20
3748,20
3749,20
3750,20
3751,4
3752,1
3753,20
3754,20
3755,20
3756,20
3757,4
3758,4
3759,20
3760,20
3761,20
3762,20
3763,20
3764,4
3765,20
3766,20
3767,20
3768,10
3769,20
3770,20
3771,20
3772,19
3773,0
3774,4
3775,20
3776,20
3777,20
3778,20
3779,19
3780,20
3781,20
3782,12
3783,7
3784,17
3785,20
3786,13
3787,20
3788,20
3789,20
3790,7
3791,20
3792,20
3793,20
3794,20
3795,20
3796,20
3797,20
3798,18
3799,20
3800,20
3801,20
3802,20
3803,20
3804,20
3805,20
3806,20
3807,20
3808,20
3809,5
3810,20
3811,20
3812,17
3813,20
3814,20
3815,3
3816,20
3817,20
3818,4
3819,20
3820,20
3821,20
3822,20
3823,20
3824,20
3825,20
3826,14
3827,18
3828,20
3829,20
3830,20
3831,20
3832,14
3833,20
3834,20
3835,3
3836,7
3837,20
3838,20
3839,20
3840,20
3841,10
3842,20
3843,8
3844,8
3845,4
3846,20
3847,19
3848,20
3849,20
3850,4
3851,20
3852,20
3853,2
3854,20
3855,1
3856,1
3857,20
3858,20
3859,4
3860,20
3861,20
3862,20
3863,17
3864,20
3865,20
3866,20
3867,20
3868,20
3869,20
3870,2
3871,20
3872,20
3873,5
3874,13
3875,20
3876,1
3877,20
3878,20
3879,20
3880,20
3881,20
3882,20
3883,20
3884,20
3885,20
3886,20
3887,20
3888,20
3889,0
3890,20
3891,20
3892,20
3893,20
3894,20
3895,20
3896,5
3897,20
3898,20
3899,11
3900,20
3901,20
3902,20
3903,20
3904,3
3905,20
3906,20
3907,20
3908,20
3909,5
3910,20
3911,20
3912,20
3913,7
3914,20
3915,20
3916,20
3917,20
3918,20
3919,20
3920,10
3921,20
3922,10
3923,20
3924,16
3925,20
3926,14
3927,20
3928,20
3929,20
3930,5
3931,11
3932,20
3933,3
3934,5
3935,20
3936,20
3937,20
3938,3
3939,20
3940,20
3941,17
3942,20
3943,20
3944,0
3945,10
3946,20
3947,2
3948,20
3949,20
3950,20
3951,20
3952,20
3953,7
3954,20
3955,20
3956,20
3957,13
3958,20
3959,12
3960,20
3961,20
3962,20
3963,17
3964,20
3965,20
3966,20
3967,20
3968,4
3969,7
3970,4
3971,20
3972,20
3973,20
3974,2
3975,20
3976,7
3977,20
3978,20
3979,3
3980,20
3981,12
3982,20
3983,5
3984,20
3985,4
3986,20
3987,10
3988,7
3989,20
3990,20
3991,20
3992,20
3993,20
3994,20
3995,20
3996,16
3997,20
3998,20
3999,7
4000,8
4001,20
4002,2
4003,20
4004,20
4005,7
4006,20
4007,20
4008,20
4009,20
4010,20
4011,20
4012,20
4013,20
4014,20
4015,20
4016,8
4017,19
4018,20
4019,2
4020,20
4021,20
4022,4
4023,20
4024,20
4025,20
4026,20
4027,20
4028,14
4029,20
4030,20
4031,20
4032,19
4033,20
4034,20
4035,20
4036,18
4037,20
4038,3
4039,13
4040,20
4041,0
4042,20
4043,20
4044,20
4045,19
4046,20
4047,20
4048,18
4049,20
4050,20
4051,20
4052,20
4053,20
4054,20
4055,20
4056,20
4057,3
4058,20
4059,0
4060,20
4061,9
4062,20
4063,20
4064,3
4065,20
4066,20
4067,20
4068,20
4069,20
4070,13
4071,7
4072,20
4073,20
4074,4
4075,20
4076,20
4077,5
4078,20
4079,20
4080,20
4081,3
4082,20
4083,20
4084,20
4085,20
4086,17
4087,20
4088,20
4089,20
4090,20
4091,20
4092,20
4093,20
4094,20
4095,20
4096,1
4097,20
4098,20
4099,20
4100,14
4101,4
4102,20
4103,13
4104,20
4105,20
4106,20
4107,14
4108,20
4109,20
4110,20
4111,20
4112,20
4113,20
4114,20
4115,20
4116,3
4117,3
4118,20
4119,20
4120,20
4121,20
4122,20
4123,20
4124,20
4125,4
4126,14
4127,2
4128,20
4129,20
4130,20
4131,0
4132,3
4133,1
4134,20
4135,20
4136,4
4137,19
4138,7
4139,20
4140,20
4141,20
4142,20
4143,20
4144,20
4145,1
4146,20
4147,20
4148,2
4149,13
4150,20
4151,20
4152,20
4153,4
4154,20
4155,20
4156,20
4157,20
4158,20
4159,20
4160,20
4161,5
4162,20
4163,20
4164,20
4165,20
4166,20
4167,20
4168,20
4169,20
4170,17
4171,20
4172,1
4173,0
4174,20
4175,20
4176,20
4177,20
4178,20
4179,20
4180,5
4181,20
4182,20
4183,20
4184,10
4185,20
4186,20
4187,20
4188,20
4189,16
4190,20
4191,20
4192,20
4193,20
4194,20
4195,8
4196,20
4197,20
4198,7
4199,20
4200,5
4201,10
4202,20
4203,20
4204,20
4205,20
4206,20
4207,20
4208,20
4209,20
4210,20
4211,20
4212,20
4213,20
4214,20
4215,20
4216,20
4217,5
4218,20
4219,20
4220,20
4221,20
4222,20
4223,4
4224,20
4225,20
4226,4
4227,20
4228,20
4229,20
4230,20
4231,20
4232,20
4233,20
4234,20
4235,7
4236,20
4237,4
4238,11
4239,20
4240,20
4241,20
4242,20
4243,20
4244,7
4245,20
4246,3
4247,14
4248,20
4249,20
4250,5
4251,20
4252,20
4253,20
4254,20
4255,20
4256,5
4257,20
4258,20
4259,20
4260,20
4261,20
4262,20
4263,20
4264,14
4265,20
4266,20
4267,20
4268,2
4269,20
4270,20
4271,20
4272,20
4273,15
4274,20
4275,20
4276,20
4277,0
4278,20
4279,20
4280,20
4281,20
4282,20
4283,18
4284,20
4285,20
4286,20
4287,20
4288,20
4289,20
4290,20
4291,18
4292,20
4293,20
4294,2
4295,20
4296,20
4297,20
4298,20
4299,20
4300,20
4301,20
4302,13
4303,9
4304,20
4305,20
4306,19
4307,20
4308,2
4309,20
4310,20
4311,20
4312,5
4313,20
4314,7
4315,20
4316,20
4317,7
4318,20
4319,20
4320,20
4321,5
4322,20
4323,20
4324,20
4325,20
4326,20
4327,20
4328,20
4329,20
4330,20
4331,20
4332,20
4333,20
4334,20
4335,20
4336,20
4337,20
4338,20
4339,20
4340,20
4341,20
4342,20
4343,20
4344,20
4345,20
4346,20
4347,5
4348,20
4349,20
4350,18
4351,20
4352,20
4353,20
4354,20
4355,1
4356,1
4357,20
4358,20
4359,20
4360,20
4361,20
4362,3
4363,20
4364,20
4365,20
4366,4
4367,0
4368,20
4369,20
4370,20
4371,20
4372,2
4373,20
4374,20
4375,20
4376,20
4377,20
4378,20
4379,20
4380,20
4381,0
4382,20
4383,20
4384,11
4385,20
4386,20
4387,20
4388,20
4389,20
4390,20
4391,13
4392,7
4393,9
4394,20
4395,20
4396,20
4397,20
4398,20
4399,5
4400,20
4401,16
4402,11
4403,20
4404,20
4405,20
4406,20
4407,20
4408,20
4409,20
4410,20
4411,0
4412,18
4413,20
4414,20
4415,17
4416,20
4417,20
4418,20
4419,20
4420,20
4421,20
4422,20
4423,20
4424,20
4425,20
4426,20
4427,4
4428,20
4429,20
4430,13
4431,20
4432,20
4433,20
4434,20
4435,11
4436,20
4437,18
4438,20
4439,20
4440,3
4441,14
4442,17
4443,1
4444,20
4445,20
4446,20
4447,20
4448,20
4449,3
4450,20
4451,20
4452,20
4453,20
4454,20
4455,20
4456,20
4457,20
4458,20
4459,20
4460,20
4461,20
4462,20
4463,4
4464,20
4465,20
4466,7
4467,20
4468,20
4469,20
4470,20
4471,20
4472,20
4473,19
4474,2
4475,20
4476,20
4477,20
4478,15
4479,20
4480,20
4481,20
4482,20
4483,19
4484,20
4485,20
4486,3
4487,20
4488,19
4489,20
4490,20
4491,20
4492,20
4493,20
4494,20
4495,20
4496,20
4497,20
4498,20
4499,20
4500,4
4501,20
4502,20
4503,20
4504,20
4505,20
4506,8
4507,8
4508,20
4509,20
4510,20
4511,20
4512,20
4513,20
4514,20
4515,20
4516,20
4517,13
4518,7
4519,4
4520,20
4521,20
4522,20
4523,20
4524,12
4525,3
4526,20
4527,20
4528,20
4529,8
4530,20
4531,20
4532,20
4533,20
4534,0
4535,18
4536,20
4537,20
4538,20
4539,20
4540,20
4541,20
4542,17
4543,13
4544,20
4545,2
4546,20
4547,20
4548,20
4549,20
4550,20
4551,14
4552,20
4553,20
4554,20
4555,20
4556,20
4557,20
4558,2
4559,17
4560,20
4561,13
4562,20
4563,20
4564,1
4565,4
4566,20
4567,18
4568,20
4569,20
4570,7
4571,20
4572,16
4573,20
4574,17
4575,20
4576,20
4577,20
4578,20
4579,20
4580,20
4581,20
4582,20
4583,17
4584,20
4585,20
4586,20
4587,20
4588,5
4589,20
4590,20
4591,20
4592,20
4593,20
4594,20
4595,4
4596,20
4597,20
4598,20
4599,20
4600,20
4601,20
4602,20
4603,7
4604,20
4605,20
4606,16
4607,20
4608,17
4609,18
4610,12
4611,20
4612,20
4613,20
4614,14
4615,20
4616,17
4617,20
4618,20
4619,20
4620,20
4621,20
4622,20
4623,20
4624,20
4625,20
4626,20
4627,20
4628,20
4629,20
4630,17
4631,0
4632,20
4633,20
4634,20
4635,20
4636,20
4637,2
4638,20
4639,20
4640,20
4641,20
4642,4
4643,20
4644,16
4645,19
4646,1
4647,20
4648,20
4649,3
4650,20
4651,20
4652,20
4653,20
4654,20
4655,20
4656,20
4657,20
4658,20
4659,20
4660,20
4661,20
4662,20
4663,20
4664,20
4665,20
4666,13
4667,20
4668,20
4669,20
4670,20
4671,20
4672,4
4673,20
4674,20
4675,20
4676,20
4677,20
4678,20
4679,20
4680,20
4681,20
4682,7
4683,20
4684,19
4685,20
4686,20
4687,20
4688,5
4689,2
4690,20
4691,20
4692,9
4693,20
4694,20
4695,20
4696,19
4697,20
4698,20
4699,20
4700,20
4701,20
4702,20
4703,20
4704,20
4705,20
4706,20
4707,20
4708,20
4709,20
4710,20
4711,20
4712,7
4713,20
4714,20
4715,20
4716,20
4717,20
4718,20
4719,20
4720,20
4721,20
4722,20
4723,0
4724,20
4725,20
4726,20
4727,18
4728,14
4729,20
4730,20
4731,20
4732,20
4733,20
4734,20
4735,3
4736,20
4737,20
4738,20
4739,20
4740,1
4741,20
4742,20
4743,2
4744,19
4745,5
4746,20
4747,20
4748,20
4749,10
4750,20
4751,20
4752,18
4753,4
4754,19
4755,20
4756,20
4757,1
4758,20
4759,20
4760,20
4761,20
4762,1
4763,20
4764,20
4765,20
4766,20
4767,20
4768,20
4769,20
4770,20
4771,20
4772,17
4773,20
4774,19
4775,20
4776,20
4777,20
4778,20
4779,0
4780,5
4781,20
4782,20
4783,8
4784,20
4785,20
4786,20
4787,20
4788,20
4789,20
4790,20
4791,20
4792,20
4793,3
4794,20
4795,20
4796,20
4797,1
4798,20
4799,20
4800,20
4801,11
4802,20
4803,2
4804,20
4805,0
4806,20
4807,3
4808,20
4809,20
4810,20
4811,16
4812,20
4813,7
4814,20
4815,20
4816,20
4817,20
4818,20
4819,20
4820,20
4821,20
4822,20
4823,20
4824,20
4825,18
4826,20
4827,20
4828,20
4829,20
4830,4
4831,20
4832,20
4833,10
4834,20
4835,5
4836,20
4837,20
4838,20
4839,7
4840,20
4841,1
4842,20
4843,20
4844,20
4845,9
4846,20
4847,20
4848,20
4849,20
4850,20
4851,19
4852,20
4853,20
4854,20
4855,20
4856,5
4857,20
4858,20
4859,20
4860,20
4861,20
4862,20
4863,20
4864,20
4865,20
4866,0
4867,20
4868,20
4869,20
4870,10
4871,20
4872,20
4873,13
4874,7
4875,20
4876,0
4877,18
4878,1
4879,20
4880,20
4881,20
4882,20
4883,4
4884,18
4885,20
4886,1
4887,20
4888,20
4889,20
4890,20
4891,20
4892,20
4893,20
4894,20
4895,20
4896,20
4897,20
4898,0
4899,20
4900,20
4901,20
4902,20
4903,8
4904,20
4905,20
4906,0
4907,14
4908,8
4909,20
4910,1
4911,7
4912,1
4913,20
4914,13
4915,3
4916,20
4917,20
4918,20
4919,20
4920,20
4921,20
4922,1
4923,14
4924,20
4925,20
4926,20
4927,20
4928,12
4929,20
4930,20
4931,0
4932,20
4933,20
4934,20
4935,8
4936,20
4937,20
4938,4
4939,20
4940,11
4941,20
4942,20
4943,20
4944,20
4945,20
4946,20
4947,7
4948,20
4949,7
4950,20
4951,20
4952,20
4953,20
4954,20
4955,20
4956,20
4957,3
4958,20
4959,20
4960,20
4961,20
4962,0
4963,1
4964,20
4965,20
4966,20
4967,4
4968,20
4969,20
4970,20
4971,20
4972,8
4973,20
4974,20
4975,1
4976,20
4977,20
4978,20
4979,20
4980,20
4981,20
4982,20
4983,20
4984,20
4985,20
4986,20
4987,20
4988,20
4989,20
4990,20
4991,20
4992,20
4993,8
4994,20
4995,10
4996,20
4997,20
4998,20
4999,20
5000,20
5001,20
5002,10
5003,20
5004,20
5005,3
5006,3
5007,20
5008,1
5009,20
5010,7
5011,20
5012,20
5013,0
5014,2
5015,3
5016,20
5017,17
5018,20
5019,20
5020,20
5021,20
5022,20
5023,7
5024,20
5025,20
5026,20
5027,20
5028,20
5029,20
5030,20
5031,16
5032,20
5033,20
5034,20
5035,20
5036,20
5037,20
5038,20
5039,20
5040,20
5041,11
5042,20
5043,20
5044,20
5045,5
5046,17
5047,20
5048,20
5049,19
5050,20
5051,20
5052,20
5053,14
5054,20
5055,20
5056,20
5057,2
5058,8
5059,20
5060,9
5061,20
5062,20
5063,20
5064,20
5065,20
5066,20
5067,20
5068,20
5069,20
5070,20
5071,18
5072,20
5073,20
5074,20
5075,20
5076,20
5077,20
5078,20
5079,20
5080,20
5081,20
5082,20
5083,20
5084,20
5085,20
5086,20
5087,20
5088,20
5089,20
5090,20
5091,14
5092,20
5093,20
5094,20
5095,0
5096,18
5097,20
5098,20
5099,20
5100,20
5101,20
5102,20
5103,20
5104,1
5105,20
5106,20
5107,20
5108,1
5109,20
5110,17
5111,3
5112,11
5113,20
5114,3
5115,20
5116,20
5117,2
5118,18
5119,20
5120,20
5121,20
5122,20
5123,20
5124,5
5125,2
5126,20
5127,20
5128,20
5129,20
5130,3
5131,20
5132,20
5133,20
5134,14
5135,7
5136,20
5137,20
5138,20
5139,2
5140,20
5141,20
5142,20
5143,20
5144,20
5145,20
5146,20
5147,20
5148,20
5149,20
5150,4
5151,20
5152,20
5153,20
5154,5
5155,20
5156,0
5157,20
5158,20
5159,20
5160,19
5161,20
5162,20
5163,20
5164,20
5165,20
5166,7
5167,20
5168,4
5169,20
5170,20
5171,20
5172,20
5173,20
5174,20
5175,20
5176,20
5177,20
5178,4
5179,20
5180,20
5181,1
5182,20
5183,18
5184,20
5185,20
5186,20
5187,20
5188,20
5189,17
5190,20
5191,7
5192,20
5193,2
5194,20
5195,4
5196,20
5197,20
5198,20
5199,20
5200,20
5201,20
5202,20
5203,7
5204,20
5205,7
5206,20
5207,9
5208,20
5209,20
5210,20
5211,20
5212,20
5213,19
5214,20
5215,4
5216,5
5217,20
5218,18
5219,20
5220,1
5221,20
5222,0
5223,20
5224,20
5225,10
5226,20
5227,20
5228,20
5229,20
5230,5
5231,20
5232,20
5233,3
5234,3
5235,20
5236,20
5237,20
5238,20
5239,9
5240,20
5241,20
5242,20
5243,7
5244,20
5245,20
5246,17
5247,20
5248,20
5249,20
5250,20
5251,0
5252,20
5253,20
5254,20
5255,4
5256,7
5257,20
5258,20
5259,17
5260,20
5261,20
5262,20
5263,20
5264,20
5265,11
5266,20
5267,20
5268,20
5269,1
5270,20
5271,20
5272,14
5273,20
5274,20
5275,4
5276,20
5277,20
5278,19
5279,20
5280,20
5281,20
5282,20
5283,20
5284,20
5285,20
5286,20
5287,20
5288,20
5289,14
5290,20
5291,20
5292,20
5293,5
5294,20
5295,20
5296,13
5297,20
5298,3
5299,20
5300,20
5301,20
5302,5
5303,20
5304,20
5305,20
5306,20
5307,10
5308,20
5309,7
5310,20
5311,20
5312,20
5313,20
5314,20
5315,20
5316,20
5317,20
5318,20
5319,20
5320,20
5321,20
5322,20
5323,4
5324,20
5325,20
5326,20
5327,2
5328,20
5329,20
5330,20
5331,20
5332,20
5333,20
5334,20
5335,17
5336,20
5337,20
5338,20
5339,20
5340,20
5341,20
5342,20
5343,1
5344,1
5345,9
5346,20
5347,20
5348,4
5349,20
5350,20
5351,10
5352,20
5353,20
5354,20
5355,14
5356,4
5357,20
5358,20
5359,20
5360,5
5361,20
5362,0
5363,20
5364,20
5365,20
5366,0
5367,20
5368,20
5369,20
5370,8
5371,20
5372,20
5373,20
5374,0
5375,20
5376,20
5377,20
5378,20
5379,11
5380,20
5381,20
5382,8
5383,20
5384,20
5385,20
5386,20
5387,20
5388,20
5389,10
5390,20
5391,20
5392,20
5393,20
5394,20
5395,17
5396,20
5397,20
5398,20
5399,19
5400,20
5401,20
5402,14
5403,20
5404,20
5405,20
5406,1
5407,20
5408,20
5409,20
5410,20
5411,20
5412,20
5413,20
5414,20
5415,8
5416,20
5417,20
5418,20
5419,20
5420,20
5421,20
5422,20
5423,7
5424,5
5425,20
5426,20
5427,20
5428,20
5429,20
5430,2
5431,20
5432,20
5433,20
5434,20
5435,20
5436,20
5437,0
5438,5
5439,20
5440,20
5441,20
5442,20
5443,20
5444,20
5445,20
5446,20
5447,20
5448,18
5449,20
5450,20
5451,20
5452,20
5453,20
5454,20
5455,4
5456,20
5457,20
5458,19
5459,20
5460,20
5461,10
5462,20
5463,20
5464,5
5465,20
5466,20
5467,20
5468,1
5469,20
5470,19
5471,1
5472,20
5473,20
5474,3
5475,20
5476,17
5477,20
5478,1
5479,0
5480,20
5481,20
5482,20
5483,20
5484,20
5485,12
5486,20
5487,20
5488,20
5489,20
5490,10
5491,20
5492,20
5493,20
5494,20
5495,20
5496,20
5497,20
5498,1
5499,20
5500,20
5501,20
5502,20
5503,20
5504,20
5505,20
5506,20
5507,20
5508,20
5509,3
5510,20
5511,20
5512,20
5513,0
5514,20
5515,20
5516,20
5517,20
5518,20
5519,8
5520,20
5521,20
5522,20
5523,1
5524,2
5525,20
5526,20
5527,20
5528,20
5529,20
5530,5
5531,18
5532,14
5533,20
5534,20
5535,17
5536,5
5537,20
5538,20
5539,20
5540,20
5541,20
5542,5
5543,20
5544,20
5545,4
5546,20
5547,20
5548,20
5549,20
5550,0
5551,20
5552,20
5553,20
5554,20
5555,7
5556,20
5557,20
5558,3
5559,20
5560,20
5561,20
5562,7
5563,20
5564,17
5565,20
5566,16
5567,20
5568,20
5569,9
5570,20
5571,20
5572,20
5573,7
5574,20
5575,20
5576,1
5577,20
5578,20
5579,20
5580,20
5581,20
5582,18
5583,20
5584,20
5585,20
5586,1
5587,20
5588,14
5589,20
5590,20
5591,20
5592,20
5593,4
5594,14
5595,5
5596,20
5597,20
5598,20
5599,18
5600,1
5601,20
5602,20
5603,20
5604,20
5605,20
5606,20
5607,17
5608,20
5609,20
5610,20
5611,20
5612,20
5613,20
5614,20
5615,19
5616,2
5617,17
5618,20
5619,20
5620,20
5621,20
5622,20
5623,20
5624,20
5625,1
5626,20
5627,20
5628,20
5629,20
5630,20
5631,20
5632,20
5633,16
